{
    "accuracy": 0.810407820677397,
    "precision": 0.7780530973451327,
    "recall": 0.8684314500197551,
    "f1_score": 0.8207617625093353,
    "auc": 0.8996340540184243
}