{
    "accuracy": 0.9494420855139726,
    "precision": 0.9642857142857143,
    "recall": 0.9334255235084946,
    "f1_score": 0.948604697851837,
    "auc": 0.9856501006473335
}